firstname,gender
Pavel,male
Yue,female
Alejandro,male
Damian,male
Paul,male
Christian,male
Nceba,male
Patrick,male
Yuichi,male
Maria,female
Andrei,male
Weizhen,male
Jim,male
Valery,female
Andreu,male
Maxim,male
Jose,male
Debashish,male
Alexander,male
Denes,male
Per,male
Franz,male
Philipp,male
Thomas,male
Carlos,male
Tom\'a\v{s},unknown
Rudra,male
Lawrence,male
Raul,male
Dean,male
Tetsuo,male
Baruch,male
Vladislav,male
Christof,male
Wei-Sheng,male
Jack,male
Gianluca,male
Michael,male
Xin-Nian,male
Igor,male
Xiaolin,female
Valeri,male
Soon-Tae,male
Mang,male
Arumugam,male
Haibo,male
Changhyun,male
Masahiro,male
Jens,male
Huan,male
Kai,male
Kim,female
Vadim,male
Dieter,male
Nicolas,male
Enrico,male
Barbara,female
Mariano,male
Serguei,male
Dmitry,male
Brian,male
Eric,male
Bo,male
Alberto,male
Ulrich,male
Floris,male
Han,male
Andres,male
Huijie,female
Herv\'e,unknown
Sharat,male
Peter,male
I\~naki,unknown
Giorgio,male
Daniele,male
Anton,male
Stephen,male
Li,female
Alex,male
Bastian,male
Marco,male
Joel,male
Wolfgang,male
Tekin,male
